date,time
,3456
,3504
,3496
,3519
,3544
,3569
,3592
,3539
,3483
,3470
,3622
,3668
,3648
,3616
,3655
,3641
,3618
,3617
,3678
,3608
,3633
,3659
,3655
,3670
,3674
,3596
,3586
,3460
,3346
,3391
,3417
,3412
,3440
,3442
,3458
,3422
,3374
,3447
,3426
,3423
,3393
,3338
,3307
,3299
,3319
,3193
,3172
,3073
,3068
,3103
,3150
,3151
,3164
,3213
,3160
,3122
,3205
,3183
,3082
,3229
,3224
,3243
,3257
,3175
,3218
,3194
,3180
,3208
,3236
,3085
,3092
,3123
,3388
,3653
,3788
,3811
,4006
,3995
,4001
,3956
,3938
,3970
,3944
,3757
,3711
,3782
,3757
,3649
,3730
,3844
,3792
,3763
,4051
,4184
,4133
,4042
,4042
,4021
,3994
,3878
,3914
,4035
,4030
,3959
,3748
,3599
,3751
,3975
,3927
,4080
,4317
,4280
,4297
,4457
,4721
,4692
,4578
,4744
,4967
,4984
,5030
,5177
,5178
,5122
,5164
,5147
,5147
,5052
,4948
,4942
,4912
,4830
,4698
,4987
,4958
,4912
,4815
,4658
,4530
,4521
,4418
,4325
,4367
,4398
,4416
,4335 
,4207 
,4214 
,4376 
,4489 
,4488 
,4507 
,4500 
,4572 
,4530 
,4416 
,4444 
,4400 
,4294 
,4356 
,4317 
,4195 
,4175 
,4168 
,4128 
,4040 
,4016 
,4000 
,3962 
,3864 
,3835 
,3817 
,3836 
,3796 
,3710 
,3707 
,3693 
,3716 
,3688 
,3632 
,3601 
,3578 
,3504 
,3449 
,3391 
,3360 
,3325 
,3310 
,3308 
,3267 
,3267 
,3287 
,3318 
,3337 
,3325 
,3301 
,3257 
,3256 
,3229 
,3237 
,3182 
,3166 
,3142 
,3119 
,3130 
,3251 
,3239 
,3208 
,3175 
,3289 
,3287 
,3355 
,3390 
,3385 
,3407 
,3352 
,3337 
,3190 
,3262 
,3400 
,3337 
,3268 
,3259 
,3275 
,3405 
,3382 
,3375 
,3394 
,3369 
,3239 
,3190 
,3224 
,3164 
,3073 
,3051 
,3137 
,3190 
,3118 
,3090 
,3077 
,3022 
,2960 
,2963 
,2966 
,2947 
,3091 
,3042 
,2978 
,2901 
,2824 
,2777 
,2721 
,2683 
,2631 
,2605 
,2568 
,2547 
,2488 
,2458 
,2461 
,2477 
,2509 
,2481 
,2508 
,2495 
,2509 
,2474 
,2454 
,2427 
,2434 
,2435 
,2437 
,2424 
,2397 
,2382 
,2338 
,2294 
,2315 
,2330 
,2352 
,2362 
,2358 
,2361 
,2390 
,2375 
,2381 
,2367 
,2386 
,2391 
,2383 
,2365 
,2363 
,2350 
,2365 
,2346 
,2312 
,2324 
,2332 
,2320 
,2309 
,2348 
,2340 
,2332 
,2344 
,2322 
,2332 
,2328 
,2308 
,2291 
,2268 
,2236 
,2219 
,2219 
,2217 
,2233 
,2242 
,2243 
,2240 
,2249 
,2246 
,2242 
,2231 
,2231 
,2231 
,2223 
,2226 
,2200 
,2221 
,2224 
,2227 
,2224 
,2219 
,2202 
,2195 
,2194 
,2182 
,2127 
,2108 
,2088 
,2078 
,2062 
,2067 
,2063 
,2075 
,2070 
,2067 
,2052 
,2046 
,2062 
,2064 
,2064 
,2065 
,2067 
,2061 
,2053 
,2052 
,2044 
,2041 
,2031 
,2035 
,2033 
,2027 
,2059 
,2067 
,2080 
,2087 
,2074 
,2057 
,2057 
,2053 
,2045 
,2042 
,2042 
,2038 
,2050 
,2047 
,2057 
,2053 
,2044 
,2045 
,2035 
,2042 
,2025 
,2018 
,2023 
,2028 
,2047 
,2057 
,2061 
,2056 
,2020 
,2037 
,2025 
,2039 
,2029 
,2030 
,2022 
,2036 
,2066 
,2076 
,2076 
,2074 
,2103 
,2100 
,2111 
,2112 
,2126 
,2134 
,2139 
,2147 
,2109 
,2102 
,2060 
,2066 
,2061 
,2051 
,2048 
,2060 
,2074 
,2075 
,2080 
,2074 
,2052 
,2031 
,2022 
,2035 
,2024 
,2018 
,2029 
,2011 
,2008 
,2043 
,2079 
,2066 
,2075 
,2074 
,2078 
,2058 
,2068 
,2042 
,2088 
,2100 
,2133 
,2178 
,2153 
,2134 
,2136 
,2116 
,2123 
,2111 
,2111 
,2088 
,2045 
,2046 
,2052 
,2047 
,2045 
,2061 
,2053 
,2052 
,2014 
,2006 
,2018 
,2035 
,2027 
,2027 
,2027 
,2029 
,2057 
,2063 
,2052 
,2079 
,2102 
,2113 
,2120 
,2112 
,2110 
,2103 
,2107 
,2112 
,2100 
,2132 
,2159 
,2157 
,2166 
,2202 
,2205 
,2215 
,2229 
,2251 
,2249 
,2248 
,2255 
,2261 
,2228 
,2232 
,2225 
,2234 
,2208 
,2193 
,2209 
,2211 
,2207 
,2207 
,2203 
,2198 
,2153 
,2102 
,2118 
,2128 
,2117 
,2129 
,2142 
,2166 
,2158 
,2161 
,2157 
,2156 
,2162 
,2164 
,2141 
,2171 
,2183 
,2227 
,2227 
,2230 
,2203 
,2211 
,2228 
,2240 
,2243 
,2229 
,2215 
,2212 
,2200 
,2176 
,2166 
,2192 
,2218 
,2220 
,2223 
,2196 
,2231 
,2248 
,2259 
,2270 
,2258 
,2239 
,2219 
,2143 
,2128 
,2133 
,2124 
,2109 
,2114 
,2111 
,2114 
,2105 
,2097 
,2080 
,2083 
,2076 
,2099 
,2091 
,2199 
,2108 
,2123 
,2106 
,2102 
,2062 
,2059 
,2070 
,2067 
,2051 
,2047 
,2030 
,2015 
,2006 
,1998 
,2022 
,2045 
,2043 
,2052 
,2005 
,2035 
,2043 
,2076 
,2066 
,2077 
,2075 
,2093 
,2009 
,1969 
,1983 
,2022 
,2022 
,1997 
,2008 
,1996 
,1988 
,1981 
,1959 
,1964 
,2069 
,2086 
,2133 
,2151 
,2162 
,2169 
,2164 
,2190 
,2251 
,2267 
,2277 
,2297 
,2313 
,2326 
,2326 
,2334 
,2322 
,2302 
,2293 
,2305 
,2314 
,2305 
,2309 
,2288 
,2253 
,2225 
,2240 
,2251 
,2248 
,2248 
,2255 
,2240 
,2236 
,2223 
,2180 
,2211 
,2225 
,2226 
,2243 
,2245 
,2250 
,2206 
,2198 
,2196 
,2205 
,2226 
,2242 
,2233 
,2235 
,2213 
,2241 
,2253 
,2244 
,2247 
,2274 
,2323 
,2320 
,2345 
,2332 
,2331 
,2318 
,2261 
,2276 
,2312 
,2276 
,2286 
,2333 
,2321 
,2334 
,2352 
,2351 
,2328 
,2334 
,2370 
,2366 
,2325 
,2341 
,2339 
,2331 
,2379 
,2398 
,2427 
,2445 
,2443 
,2434 
,2442 
,2437 
,2440 
,2421 
,2392 
,2384 
,2364 
,2347 
,2308 
,2363 
,2325 
,2336 
,2330 
,2325 
,2306 
,2327 
,2333 
,2318 
,2290 
,2295 
,2284 
,2289 
,2293 
,2296 
,2270 
,2235 
,2235 
,2220 
,2220 
,2170 
,2190 
,2175 
,2175 
,2184 
,2170 
,2153 
,2081 
,2086 
,2089 
,2087 
,2066 
,2037 
,2041 
,1980 
,1988 
,1983 
,1981 
,1985 
,2014 
,2027 
,2035 
,2023 
,2031 
,2024 
,2018 
,2029 
,2054 
,2056 
,2078 
,2080 
,2077 
,2093 
,2113 
,2115 
,2123 
,2119 
,2110 
,2070 
,2076 
,2068 
,2102 
,2129 
,2124 
,2136 
,2138 
,2137 
,2138 
,2113 
,2112 
,2107 
,2127 
,2118 
,2122 
,2119 
,2096 
,2090 
,2068 
,2033 
,2039 
,2041 
,2042 
,2060 
,2070 
,2075 
,2122 
,2136 
,2130 
,2138 
,2128 
,2140 
,2145 
,2053 
,2048 
,2064 
,2067 
,2059 
,2060 
,2074 
,2084 
,2085 
,2110 
,2119 
,2121 
,2124 
,2111 
,2121 
,2123 
,2139 
,2144 
,2164 
,2177 
,2176 
,2169 
,2160 
,2159 
,2133 
,2126 
,2131 
,2117 
,2138 
,2139 
,2148 
,2151 
,2159 
,2154 
,2186 
,2198 
,2170 
,2165 
,2188 
,2199 
,2197 
,2176 
,2178 
,2217 
,2227 
,2218 
,2239 
,2245 
,2235 
,2226 
,2224 
,2234 
,2229 
,2254 
,2288 
,2304 
,2313 
,2325 
,2314 
,2315 
,2320 
,2299 
,2312 
,2307 
,2329 
,2323 
,2323 
,2348 
,2388 
,2383 
,2392 
,2393 
,2362 
,2356 
,2373 
,2378 
,2374 
,2360 
,2370 
,2383 
,2372 
,2377 
,2411 
,2416 
,2419 
,2432 
,2452 
,2452 
,2454 
,2442 
,2446 
,2408 
,2415 
,2411 
,2416 
,2412 
,2407 
,2387 
,2384 
,2363 
,2364 
,2370 
,2351 
,2319 
,2306 
,2305 
,2310 
,2304 
,2266 
,2281 
,2341 
,2364 
,2358 
,2371 
,2386 
,2397 
,2408 
,2412 
,2406 
,2404 
,2476 
,2457 
,2441 
,2441 
,2427 
,2414 
,2442 
,2470 
,2461 
,2438 
,2453 
,2459 
,2478 
,2440 
,2417 
,2404 
,2382 
,2388 
,2373 
,2374 
,2374 
,2352 
,2365 
,2369 
,2364 
,2351 
,2320 
,2342 
,2336 
,2313 
,2306 
,2296 
,2324 
,2323 
,2306 
,2312 
,2298 
,2241 
,2282 
,2295 
,2291 
,2289 
,2226 
,2164 
,2183 
,2218 
,2201 
,2182 
,2171 
,2197 
,2213 
,2220 
,2202 
,2237 
,2240 
,2221 
,2226 
,2217 
,2257 
,2286 
,2316 
,2331 
,2347 
,2340 
,2332 
,2363 
,2378 
,2424 
,2407 
,2413 
,2397 
,2404 
,2410 
,2419 
,2415 
,2419 
,2449 
,2483 
,2529 
,2534 
,2530 
,2497 
,2507 
,2528 
,2525 
,2536 
,2537 
,2535 
,2505 
,2491 
,2478 
,2484 
,2450 
,2449 
,2414 
,2371 
,2340 
,2369 
,2402 
,2426 
,2453 
,2438 
,2440 
,2422 
,2412 
,2368 
,2378 
,2388 
,2430 
,2424 
,2442 
,2441 
,2500 
,2518 
,2460 
,2470 
,2499 
,2497 
,2486 
,2477 
,2528 
,2524 
,2517 
,2482 
,2510 
,2557 
,2585 
,2574 
,2615 
,2595 
,2617 
,2616 
,2569 
,2554 
,2553 
,2538 
,2603 
,2617 
,2636 
,2627 
,2605 
,2582 
,2579 
,2537 
,2614 
,2645 
,2699 
,2688 
,2690 
,2713 
,2722 
,2712 
,2727 
,2705 
,2760 
,2782 
,2800 
,2817 
,2809 
,2827 
,2821 
,2812 
,2797 
,2784 
,2807 
,2807 
,2825 
,2812 
,2818 
,2813 
,2779 
,2774 
,2759 
,2763 
,2769 
,2760 
,2693 
,2658 
,2648 
,2638 
,2675 
,2692 
,2730 
,2736 
,2703 
,2708 
,2747 
,2754 
,2746 
,2732 
,2728 
,2745 
,2745 
,2728 
,2747 
,2765 
,2771 
,2772 
,2853 
,2867 
,2884 
,2877 
,2869 
,2877 
,2872 
,2876 
,2897 
,2891 
,2885 
,2882 
,2880 
,2917 
,2933 
,2914 
,2953 
,2961 
,2970 
,3004 
,3033 
,3035 
,3019 
,3039 
,3067 
,3063 
,3058 
,3050 
,3039 
,3060 
,3031 
,3012 
,3005 
,2968 
,2962 
,2968 
,2994 
,3006 
,2985 
,2959 
,2950 
,2923 
,2927 
,2931 
,2936 
,2934 
,2928 
,2940 
,2967 
,2996 
,3012 
,3002 
,3000 
,2944 
,2938 
,2925 
,2932 
,2906 
,2890 
,2882 
,2868 
,2944 
,2933 
,2924 
,2939 
,2924 
,2934 
,2906 
,2835 
,2819 
,2804 
,2805 
,2791 
,2759 
,2753 
,2711 
,2701 
,2736 
,2746 
,2753 
,2760 
,2715 
,2781 
,2817 
,2838 
,2828 
,2811 
,2847 
,2868 
,2854 
,2850 
,2855 
,2809 
,2768 
,2753 
,2775 
,2877 
,2853 
,2894 
,2917 
,2908 
,2912 
,2899 
,2921 
,2939 
,2933 
,2924 
,2850 
,2855 
,2881 
,2885 
,2871 
,2853 
,2871 
,2834 
,2881 
,2879 
,2894 
,2902 
,2861 
,2872 
,2905 
,2889 
,2874 
,2891 
,3008 
,3016 
,3150 
,3187 
,3124 
,3159 
,3161 
,3143 
,3087 
,3069 
,3090 
,3054 
,2997 
,3007 
,3056 
,3073 
,3052 
,2998 
,3018 
,3041 
,3002 
,3026 
,2971 
,2919 
,2862 
,2843 
,2824 
,2748 
,2656 
,2634 
,2625 
,2629 
,2601 
,2607 
,2615 
,2653 
,2688 
,2704 
,2697 
,2668 
,2699 
,2696 
,2705 
,2699 
,2661 
,2660 
,2663 
,2647 
,2656 
,2613 
,2617 
,2646 
,2667 
,2656 
,2683 
,2702 
,2688 
,2678 
,2665 
,2607 
,2609 
,2618 
,2675 
,2676 
,2659 
,2641 
,2639 
,2682 
,2676 
,2643 
,2656 
,2636 
,2588 
,2589 
,2580 
,2563 
,2553 
,2530 
,2484 
,2428 
,2487 
,2495 
,2469 
,2501 
,2486 
,2436 
,2422 
,2410 
,2378 
,2386 
,2411 
,2411 
,2541 
,2561 
,2573 
,2587 
,2594 
,2598 
,2587 
,2569 
,2596 
,2591 
,2581 
,2589 
,2532 
,2527 
,2557 
,2596 
,2572 
,2599 
,2665 
,2687 
,2662 
,2645 
,2660 
,2680 
,2584 
,2610 
,2624 
,2603 
,2664 
,2713 
,2711 
,2668 
,2751 
,2713 
,2732 
,2839 
,2857 
,2863 
,2876 
,2929 
,2917 
,2962 
,2997 
,3016 
,3024 
,3034 
,2999 
,3097 
,3160 
,3182 
,3168 
,3174 
,3156 
,3146 
,3144 
,3161 
,3178 
,3160 
,3148 
,3130 
,3133 
,3130 
,3068 
,3051 
,3077 
,3083 
,3083 
,3070 
,3064 
,3051 
,2994 
,3014 
,3058 
,3071 
,3086 
,3085 
,3059 
,3044 
,3102 
,3098 
,3096 
,3093 
,3068 
,3063 
,3024 
,2999 
,3027 
,3019 
,3002 
,2983 
,2957 
,2954 
,2959 
,3015 
,3005 
,2991 
,2981 
,3025 
,3006 
,3029 
,3107 
,3137 
,3148 
,3176 
,3255 
,3269 
,3238 
,3242 
,3219 
,3233 
,3275 
,3307 
,3199 
,3269 
,3296 
,3291 
,3295 
,3282 
,3267 
,3213 
,3202 
,3155 
,3157 
,3079 
,3129 
,3124 
,3170 
,3273 
,3299 
,3303 
,3315 
,3281 
,3276 
,3285 
,3330 
,3334 
,3319 
,3270 
,3278 
,3241 
,3196 
,3170 
,3305 
,3291 
,3361 
,3339 
,3333 
,3329 
,3316 
,3298 
,3276 
,3189 
,3200 
,3187 
,3211 
,3177 
,3184 
,3159 
,3141 
,3121 
,3078 
,3027 
,2993 
,3038 
,3086 
,3123 
,3123 
,3081 
,3106 
,3085 
,3040 
,3008 
,3014 
,3011 
,2938 
,2932 
,2913 
,2804 
,2780 
,2858 
,2864 
,2886 
,2924 
,2983 
,2969 
,3068 
,3064 
,3029 
,3050 
,3033 
,2999 
,2959 
,2962 
,2931 
,2919 
,2876 
,2854 
,2730 
,2727 
,2818 
,2949 
,2988 
,2996 
,2980 
,3005 
,2970 
,2915 
,2929 
,2921 
,3020 
,3146 
,3150 
,3256 
,3273 
,3308 
,3374 
,3420 
,3468 
,3478 
,3465 
,3414 
,3337 
,3454 
,3440 
,3436 
,3398 
,3331 
,3301 
,3280 
,3269 
,3197 
,3221 
,3189 
,3148 
,3113 
,3140 
,3124 
,3098 
,3130 
,3128 
,3089 
,3063 
,3010 
,2997 
,2977 
,2938 
,2947 
,2923 
,2941 
,2923 
,2887 
,2855 
,2814 
,2797 
,2791 
,2813 
,2829 
,2821 
,2788 
,2795 
,2792 
,2778 
,2779 
,2751 
,2727 
,2635 
,2619 
,2618 
,2618 
,2663 
,2686 
,2688 
,2657 
,2661 
,2651 
,2670 
,2620 
,2664 
,2634 
,2622 
,2597 
,2591 
,2561 
,2491 
,2478 
,2411 
,2453 
,2482 
,2474 
,2579 
,2553 
,2559 
,2539 
,2549 
,2543 
,2532 
,2522 
,2445 
,2381 
,2435 
,2450 
,2457 
,2450 
,2423 
,2376 
,2380 
,2393 
,2362 
,2356 
,2369 
,2329 
,2294 
,2268 
,2255 
,2225 
,2159 
,2166 
,2137 
,2204 
,2159 
,2233 
,2221 
,2242 
,2202 
,2089 
,2102 
,2123 
,2238 
,2234 
,2296 
,2314 
,2262 
,2248 
,2296 
,2403 
,2390 
,2323 
,2274 
,2306 
,2266 
,2239 
,2185 
,2149 
,2108 
,2061 
,2013 
,2009 
,2010 
,2008 
,1995 
,2019 
,1985 
,1938 
,1929 
,1888 
,1924 
,1909 
,1894 
,1948 
,1939 
,1881 
,1844 
,1863 
,1856 
,1867 
,1878 
,1887 
,1990 
,2016 
,2039 
,2017 
,2003 
,1977 
,1989 
,2023 
,2087 
,2080 
,2101 
,2091 
,2020 
,2055 
,1966 
,1908 
,1896 
,1915 
,2022 
,1915 
,1939 
,1974 
,2013 
,2031 
,2024 
,2051 
,2031 
,1987 
,1943 
,1864 
,1888 
,1876 
,1762 
,1728 
,1788 
,1717 
,1750 
,1766 
,1788 
,1795 
,1786 
,1809 
,1888 
,1880 
,1951 
,1997 
,1980 
,1941 
,1943 
,2013 
,2147 
,2074 
,2028 
,2131 
,2127 
,2183 
,2267 
,2310 
,2333 
,2218 
,2253 
,2270 
,2075 
,1943 
,2000 
,2050 
,2105 
,2148 
,2186 
,2161 
,2221 
,2238 
,2295 
,2322 
,2329 
,2380 
,2421 
,2374 
,2386 
,2403 
,2444 
,2427 
,2518 
,2523 
,2356 
,2456 
,2477 
,2454 
,2459 
,2485 
,2602 
,2726 
,2743 
,2743 
,2762 
,2793 
,2831 
,2848 
,2894 
,2868 
,2924 
,2889 
,2913 
,2888 
,2869 
,2865 
,2786 
,2773 
,2765 
,2896 
,2895 
,2888 
,2952 
,2921 
,2844 
,2802 
,2713 
,2746 
,2701 
,2753 
,2767 
,2822 
,2931 
,2910 
,2817 
,2813 
,2917 
,2922 
,2945 
,2893 
,2918 
,2976 
,3031 
,3064 
,3216 
,3371 
,3376 
,3428 
,3469 
,3484 
,3450 
,3482 
,3486 
,3384 
,3444 
,3521 
,3558 
,3561 
,3632 
,3625 
,3661 
,3707 
,3662 
,3615 
,3669 
,3693 
,3658 
,3774 
,3786 
,3768 
,3705 
,3544 
,3531 
,3659 
,3593 
,3297 
,3149 
,3305 
,3204 
,3353 
,3363 
,3350 
,3428 
,3518 
,3474 
,3607 
,3657 
,3613 
,3457 
,3465 
,3493 
,3556 
,3591 
,3541 
,3698 
,3659 
,3840 
,3838 
,3858 
,3814 
,3863 
,3941 
,4001 
,4055 
,4273 
,4166 
,4266 
,4341 
,4428 
,4353 
,4472 
,4457 
,4365 
,4345 
,4361 
,4332 
,4391 
,4500 
,4568 
,4696 
,4666 
,4601 
,4524 
,4577 
,4548 
,4663 
,4672 
,4412 
,4487 
,4554 
,4518 
,4721 
,4807 
,4768 
,4705 
,4818 
,5201 
,5188 
,5312 
,5396 
,5505 
,5523 
,5500 
,5484 
,5438 
,5480 
,5403 
,5372 
,5321 
,5295 
,5337 
,5317 
,5263 
,5254 
,5284 
,5112 
,5051 
,4960 
,4905 
,5007 
,5011 
,5095 
,5150 
,5210 
,5169 
,5097 
,5066 
,5053 
,4971 
,4900 
,4994 
,5011 
,4908 
,4947 
,5125 
,5034 
,5155 
,5345 
,5338 
,5333 
,5336 
,5454 
,5415 
,5312 
,5250 
,5383 
,5559 
,5611 
,5650 
,5787 
,5861 
,6005 
,6002 
,5900 
,5750 
,5629 
,5820 
,5907 
,5776 
,5805 
,5932 
,6055 
,6089 
,6124 
,6039 
,5959 
,5915 
,5861 
,5725 
,5730 
,5560 
,5411 
,5464 
,5509 
,5506 
,5489 
,5482 
,5447 
,5459 
,5427 
,5324 
,5277 
,5192 
,5395 
,5357 
,5405 
,5412 
,5338 
,5358 
,5328 
,5235 
,5187 
,5205 
,5210 
,5192 
,5125 
,5050 
,4999 
,4983 
,4906 
,4814 
,4845 
,4916 
,4877 
,4873 
,4770 
,4769 
,4711 
,4687 
,4630 
,4563 
,4432 
,4502 
,4477 
,4450 
,4357 
,4372 
,4325 
,4285 
,4220 
,4062 
,3947 
,3972 
,3920 
,3932 
,3936 
,3926 
,3879 
,3929 
,3901 
,3785 
,3778 
,3916 
,3907 
,3860 
,3919 
,4113 
,4091 
,3976 
,4131 
,4249 
,4257 
,4312 
,4281 
,4268 
,4153 
,4180 
,4193 
,4073 
,4000 
,3936 
,3891 
,3822 
,3769 
,3987 
,4181 
,4178 
,4275 
,4336 
,4284 
,4190 
,4208 
,4175 
,4137 
,4083 
,4052 
,4064 
,3987 
,4070 
,4081 
,4040 
,4072 
,4015 
,3965 
,3851 
,3803 
,3785 
,3769 
,3762 
,3711 
,3591 
,3617 
,3624 
,3623 
,3597 
,3564 
,3533 
,3498 
,3444 
,3400 
,3334 
,3327 
,3308 
,3293 
,3253 
,3212 
,3274 
,3180 
,3145 
,3123 
,3085 
,3100 
,3058 
,3033 
,3038 
,2980 
,2955 
,2934 
,2966 
,2959 
,2962 
,2929 
,2911 
,2866 
,2858 
,2846 
,2878 
,2889 
,3050 
,3041 
,3036 
,2995 
,2915 
,2835 
,2808 
,2748 
,2751 
,2745 
,2677 
,2672 
,2796 
,2802 
,2930 
,2981 
,2954 
,2906 
,2947 
,2994 
,2971 
,2935 
,2833 
,2784 
,2870 
,2831 
,2795 
,2782 
,2841 
,2842 
,2809 
,2708 
,2686 
,2848 
,2699 
,2612 
,2539 
,2506 
,2452 
,2367 
,2387 
,2381 
,2382 
,2335 
,2275 
,2250 
,2244 
,2229 
,2181 
,2164 
,2207 
,2193 
,2196 
,2165 
,2113 
,2102 
,2060 
,2051 
,2050 
,2058 
,2071 
,2063 
,2038 
,2018 
,1973 
,1976 
,1923 
,1888 
,1906 
,1920 
,1899 
,1886 
,1897 
,1887 
,1874 
,1857 
,1856 
,1839 
,1816 
,1843 
,1817 
,1826 
,1805 
,1797 
,1801 
,1799 
,1788 
,1778 
,1789 
,1793 
,1792 
,1793 
,1793 
,1786 
,1756 
,1741 
,1726 
,1722 
,1732 
,1747 
,1744 
,1738 
,1743 
,1733 
,1723 
,1697 
,1714 
,1700 
,1675 
,1671 
,1684 
,1672 
,1670 
,1658 
,1661 
,1661 
,1656 
,1668 
,1651 
,1630 
,1623 
,1621 
,1619 
,1602 
,1614 
,1612 
,1616 
,1597 
,1612 
,1611 
,1607 
,1585 
,1582 
,1570 
,1612 
,1609 
,1609 
,1625 
,1660 
,1679 
,1702 
,1691 
,1691 
,1668 
,1669 
,1658 
,1682 
,1685 
,1684 
,1677 
,1738 
,1753 
,1747 
,1737 
,1750 
,1742 
,1757 
,1703 
,1698 
,1691 
,1672 
,1642 
,1643 
,1636 
,1608 
,1605 
,1618 
,1593 
,1592 
,1574 
,1551 
,1541 
,1570 
,1566 
,1594 
,1596 
,1678 
,1693 
,1685 
,1696 
,1685 
,1667 
,1664 
,1649 
,1615 
,1599 
,1635 
,1649 
,1674 
,1665 
,1630 
,1641 
,1679 
,1665 
,1603 
,1584 
,1554 
,1533 
,1497 
,1445 
,1424 
,1427 
,1409 
,1429 
,1420 
,1404 
,1400 
,1391 
,1384 
,1360 
,1364 
,1365 
,1367 
,1359 
,1345 
,1349 
,1342 
,1330 
,1319 
,1299 
,1309 
,1313 
,1303 
,1297 
,1308 
,1303 
,1297 
,1298 
,1289 
,1277 
,1277 
,1276 
,1263 
,1260 
,1254 
,1254 
,1258 
,1288 
,1297 
,1295 
,1308 
,1308 
,1299 
,1305 
,1297 
,1290 
,1298 
,1289 
,1279 
,1280 
,1299 
,1301 
,1286 
,1285 
,1284 
,1289 
,1292 
,1297 
,1288 
,1260 
,1262 
,1257 
,1259 
,1252 
,1235 
,1209 
,1221 
,1231 
,1227 
,1224 
,1221 
,1217 
,1216 
,1198 
,1181 
,1173 
,1170 
,1157 
,1158 
,1160 
,1145 
,1136 
,1142 
,1136 
,1135 
,1128 
,1135 
,1128 
,1119 
,1119 
,1115 
,1106 
,1100 
,1090 
,1093 
,1103 
,1105 
,1100 
,1110 
,1119 
,1115 
,1118 
,1106 
,1120 
,1123 
,1123 
,1099 
,1096 
,1099 
,1090 
,1094 
,1107 
,1117 
,1111 
,1101 
,1100 
,1111 
,1109 
,1094 
,1096 
,1102 
,1101 
,1119 
,1140 
,1143 
,1146 
,1136 
,1151 
,1142 
,1138 
,1154 
,1165 
,1166 
,1157 
,1154 
,1159 
,1156 
,1142 
,1158 
,1156 
,1165 
,1186 
,1211 
,1224 
,1221 
,1218 
,1219 
,1217 
,1207 
,1192 
,1204 
,1201 
,1195 
,1202 
,1197 
,1189 
,1186 
,1164 
,1154 
,1172 
,1175 
,1173 
,1171 
,1160 
,1162 
,1157 
,1202 
,1194 
,1193 
,1188 
,1192 
,1184 
,1165 
,1153 
,1147 
,1129 
,1108 
,1121 
,1104 
,1094 
,1088 
,1098 
,1090 
,1078 
,1049 
,1055 
,1022 
,1025 
,1021 
,1023 
,1046 
,1050 
,1046 
,1049 
,1043 
,1036 
,1044 
,1045 
,1048 
,1050 
,1077 
,1103 
,1114 
,1121 
,1130 
,1102 
,1107 
,1103 
,1116 
,1116 
,1095 
,1086 
,1090 
,1120 
,1112 
,1131 
,1146 
,1119 
,1056 
,1035 
,1020 
,1037 
,1064 
,1071 
,1064 
,1068 
,1077 
,1082 
,1078 
,1095 
,1109 
,1107 
,1109 
,1108 
,1105 
,1120 
,1123 
,1140 
,1136 
,1165 
,1170 
,1173 
,1166 
,1169 
,1166 
,1178 
,1191 
,1199 
,1202 
,1212 
,1230 
,1254 
,1254 
,1239 
,1253 
,1249 
,1248 
,1220 
,1209 
,1218 
,1238 
,1182 
,1192 
,1209 
,1205 
,1211 
,1209 
,1218 
,1232 
,1233 
,1248 
,1258 
,1268 
,1293 
,1304 
,1293 
,1317 
,1326 
,1319 
,1297 
,1300 
,1295 
,1317 
,1309 
,1315 
,1329 
,1311 
,1317 
,1313 
,1285 
,1279 
,1280 
,1291 
,1274 
,1269 
,1253 
,1203 
,1211 
,1226 
,1241 
,1254 
,1255 
,1266 
,1238 
,1214 
,1225 
,1226 
,1236 
,1269 
,1260 
,1257 
,1261 
,1253 
,1256 
,1253 
,1259 
,1261 
,1281 
,1281 
,1286 
,1284 
,1292 
,1291 
,1309 
,1308 
,1286 
,1286 
,1304 
,1318 
,1318 
,1316 
,1314 
,1340 
,1352 
,1338 
,1341 
,1343 
,1344 
,1334 
,1343 
,1341 
,1355 
,1362 
,1362 
,1381 
,1384 
,1387 
,1380 
,1368 
,1371 
,1376 
,1371 
,1360 
,1380 
,1361 
,1313 
,1308 
,1316 
,1338 
,1328 
,1306 
,1323 
,1337 
,1357 
,1343 
,1325 
,1347 
,1331 
,1341 
,1338 
,1362 
,1342 
,1340 
,1387 
,1394 
,1411 
,1438 
,1423 
,1420 
,1439 
,1438 
,1466 
,1496 
,1465 
,1451 
,1468 
,1464 
,1416 
,1378 
,1374 
,1306 
,1285 
,1288 
,1307 
,1323 
,1326 
,1327 
,1333 
,1329 
,1341 
,1361 
,1322 
,1338 
,1341 
,1347 
,1347 
,1340 
,1349 
,1357 
,1371 
,1364 
,1370 
,1378 
,1379 
,1401 
,1405 
,1398 
,1401 
,1413 
,1425 
,1378 
,1383 
,1409 
,1407 
,1397 
,1395 
,1402 
,1408 
,1450 
,1453 
,1457 
,1466 
,1458 
,1422 
,1409 
,1403 
,1426 
,1452 
,1441 
,1449 
,1467 
,1445 
,1448 
,1445 
,1416 
,1409 
,1398 
,1434 
,1447 
,1450 
,1456 
,1434 
,1442 
,1478 
,1492 
,1470 
,1471 
,1499 
,1478 
,1497 
,1520 
,1539 
,1550 
,1567 
,1581 
,1580 
,1557 
,1561 
,1560 
,1530 
,1550 
,1562 
,1560 
,1571 
,1575 
,1556 
,1562 
,1597 
,1606 
,1604 
,1571 
,1603 
,1600 
,1614 
,1615 
,1641 
,1645 
,1654 
,1660 
,1675 
,1682 
,1699 
,1695 
,1705 
,1717 
,1735 
,1730 
,1778 
,1778 
,1783 
,1778 
,1774 
,1772 
,1759 
,1746 
,1727 
,1740 
,1742 
,1752 
,1752 
,1755 
,1760 
,1748 
,1755 
,1751 
,1748 
,1739 
,1699 
,1699 
,1678 
,1660 
,1666 
,1675 
,1670 
,1689 
,1695 
,1690 
,1675 
,1655 
,1701 
,1683 
,1730 
,1723 
,1728 
,1720 
,1711 
,1697 
,1672 
,1693 
,1693 
,1715 
,1704 
,1706 
,1694 
,1686 
,1650 
,1650 
,1634 
,1629 
,1605 
,1601 
,1613 
,1627 
,1619 
,1619 
,1617 
,1595 
,1589 
,1569 
,1526 
,1517 
,1514 
,1513 
,1516 
,1525 
,1514 
,1507 
,1494 
,1470 
,1459 
,1480 
,1469 
,1475 
,1473 
,1475 
,1470 
,1444 
,1459 
,1457 
,1454 
,1462 
,1445 
,1433 
,1401 
,1416 
,1414 
,1424 
,1404 
,1395 
,1377 
,1342 
,1336 
,1333 
,1331 
,1325 
,1342 
,1350 
,1341 
,1353 
,1386 
,1397 
,1413 
,1367 
,1365 
,1360 
,1376 
,1383 
,1384 
,1390 
,1407 
,1403 
,1365 
,1370 
,1376 
,1383 
,1402 
,1401 
,1412 
,1406 
,1380 
,1373 
,1371 
,1369 
,1378 
,1395 
,1397 
,1390 
,1395 
,1396 
,1395 
,1406 
,1407 
,1416 
,1427 
,1430 
,1425 
,1430 
,1430 
,1447 
,1453 
,1451 
,1457 
,1450 
,1422 
,1428 
,1432 
,1428 
,1434 
,1446 
,1443 
,1450 
,1453 
,1452 
,1458 
,1475 
,1481 
,1485 
,1475 
,1487 
,1497 
,1493 
,1497 
,1494 
,1478 
,1483 
,1483 
,1481 
,1475 
,1503 
,1503 
,1505 
,1510 
,1505 
,1539 
,1540 
,1530 
,1531 
,1529 
,1536 
,1532 
,1513 
,1514 
,1504 
,1510 
,1508 
,1500 
,1503 
,1501 
,1517 
,1517 
,1516 
,1516 
,1525 
,1542 
,1557 
,1566 
,1565 
,1570 
,1572 
,1569 
,1567 
,1541 
,1548 
,1558 
,1576 
,1575 
,1582 
,1579 
,1582 
,1569 
,1577 
,1576 
,1574 
,1572 
,1546 
,1547 
,1554 
,1563 
,1561 
,1556 
,1523 
,1535 
,1537 
,1540 
,1536 
,1539 
,1513 
,1542 
,1570 
,1576 
,1599 
,1621 
,1621 
,1650 
,1632 
,1617 
,1582 
,1560 
,1545 
,1524 
,1530 
,1522 
,1523 
,1526 
,1525 
,1511 
,1508 
,1508 
,1465 
,1478 
,1478 
,1476 
,1477 
,1476 
,1479 
,1470 
,1472 
,1478 
,1475 
,1474 
,1496 
,1502 
,1517 
,1524 
,1530 
,1526 
,1515 
,1525 
,1515 
,1512 
,1488 
,1508 
,1518 
,1511 
,1500 
,1515 
,1515 
,1519 
,1511 
,1493 
,1500 
,1509 
,1502 
,1500 
,1484 
,1470 
,1464 
,1490 
,1483 
,1493 
,1486 
,1486 
,1477 
,1391 
,1411 
,1402 
,1373 
,1347 
,1335 
,1324 
,1351 
,1371 
,1380 
,1389 
,1420 
,1434 
,1431 
,1440 
,1431 
,1414 
,1424 
,1418 
,1410 
,1402 
,1400 
,1383 
,1407 
,1411 
,1417 
,1412 
,1433 
,1410 
,1432 
,1450 
,1418 
,1384 
,1409 
,1404 
,1409 
,1421 
,1459 
,1465 
,1468 
,1481 
,1489 
,1491 
,1518 
,1526 
,1573 
,1560 
,1559 
,1565 
,1532 
,1511 
,1522 
,1513 
,1512 
,1519 
,1543 
,1550 
,1550 
,1554 
,1525 
,1524 
,1539 
,1549 
,1535 
,1533 
,1537 
,1543 
,1572 
,1577 
,1592 
,1600 
,1602 
,1602 
,1604 
,1618 
,1624 
,1605 
,1612 
,1624 
,1626 
,1632 
,1627 
,1627 
,1628 
,1645 
,1663 
,1676 
,1680 
,1670 
,1669 
,1680 
,1684 
,1680 
,1682 
,1688 
,1696 
,1678 
,1674 
,1650 
,1653 
,1647 
,1647 
,1642 
,1643 
,1659 
,1675 
,1671 
,1680 
,1662 
,1663 
,1660 
,1671 
,1672 
,1666 
,1670 
,1683 
,1680 
,1685 
,1712 
,1714 
,1712 
,1702 
,1705 
,1697 
,1706 
,1712 
,1730 
,1742 
,1738 
,1722 
,1736 
,1736 
,1726 
,1740 
,1747 
,1731 
,1719 
,1749 
,1709 
,1565 
,1528 
,1524 
,1528 
,1497 
,1509 
,1529 
,1532 
,1534 
,1529 
,1541 
,1533 
,1491 
,1498 
,1510 
,1532 
,1531 
,1558 
,1569 
,1563 
,1574 
,1586 
,1591 
,1599 
,1565 
,1570 
,1592 
,1618 
,1630 
,1635 
,1652 
,1659 
,1671 
,1674 
,1667 
,1643 
,1617 
,1626 
,1635 
,1637 
,1636 
,1646 
,1649 
,1655 
,1665 
,1664 
,1680 
,1678 
,1672 
,1644 
,1657 
,1644 
,1604 
,1611 
,1610 
,1648 
,1667 
,1655 
,1675 
,1677 
,1684 
,1694 
,1686 
,1666 
,1658 
,1677 
,1666 
,1656 
,1672 
,1665 
,1645 
,1613 
,1595 
,1566 
,1527 
,1522 
,1544 
,1545 
,1532 
,1545 
,1530 
,1521 
,1522 
,1522 
,1514 
,1508 
,1501 
,1408 
,1396 
,1449 
,1465 
,1479 
,1446 
,1401 
,1412 
,1435 
,1476 
,1482 
,1492 
,1520 
,1574 
,1580 
,1581 
,1608 
,1606 
,1644 
,1650 
,1640 
,1644 
,1634 
,1614 
,1640 
,1641 
,1669 
,1693 
,1688 
,1681 
,1693 
,1721 
,1729 
,1749 
,1749 
,1756 
,1755 
,1776 
,1770 
,1767 
,1748 
,1742 
,1742 
,1723 
,1710 
,1722 
,1716 
,1708 
,1704 
,1670 
,1735 
,1625 
,1628 
,1623 
,1637 
,1638 
,1606 
,1669 
,1686 
,1688 
,1712 
,1718 
,1689 
,1704 
,1701 
,1682 
,1708 
,1745 
,1671 
,1563 
,1610 
,1651 
,1662 
,1692 
,1704 
,1701 
,1693 
,1745 
,1751 
,1774 
,1774 
,1779 
,1794 
,1813 
,1809 
,1821 
,1837 
,1823 
,1818 
,1816 
,1846 
,1858 
,1859 
,1871 
,1858 
,1858 
,1876 
,1889 
,1862 
,1832 
,1847 
,1847 
,1865 
,1843 
,1881 
,1912 
,1903 
,1936 
,1947 
,1937 
,1928 
,1950 
,1949 
,1961 
,1963 
,1956 
,1925 
,1908 
,1911 
,1953 
,1965 
,1991 
,1987 
,1978 
,2057 
,2101 
,2117 
,2141 
,2163 
,2186 
,2180 
,2150 
,2148 
,2146 
,2184 
,2178 
,2168 
,2193 
,2190 
,2175 
,2187 
,2204 
,2216 
,2212 
,2223 
,2225 
,2237 
,2238 
,2237 
,2230 
,2207 
,2189 
,2181 
,2174 
,2214 
,2212 
,2245 
,2242 
,2223 
,2227 
,2229 
,2243 
,2241 
,2236 
,2229 
,2223 
,2223 
,2211 
,2189 
,2195 
,2204 
,2203 
,2213 
,2218 
,2214 
,2203 
,2205 
,2200 
,2191 
,2179 
,2155 
,2147 
,2142 
,2138 
,2123 
,2121 
,2126 
,2170 
,2166 
,2158 
,2180 
,2176 
,2180 
,2177 
,2168 
,2145 
,2142 
,2135 
,2129 
,2117 
,2122 
,2113 
,2128 
,2130 
,2127 
,2113 
,2112 
,2113 
,2107 
,2090 
,2094 
,2088 
,2066 
,2046 
,2037 
,2024 
,2027 
,2019 
,2013 
,2016 
,2016 
,2002 
,1997 
,1990 
,1994 
,1987 
,1968 
,1965 
,1962 
,1954 
,1937 
,1922 
,1948 
,1980 
,1969 
,1942 
,1967 
,1967 
,1974 
,1962 
,1963 
,1987 
,1998 
,2000 
,2073 
,2068 
,2049 
,2049 
,2046 
,2097 
,2118 
,2131 
,2126 
,2111 
,2132 
,2125 
,2127 
,2124 
,2104 
,2074 
,2061 
,2080 
,2076 
,2075 
,2080 
,2087 
,2071 
,2057 
,2045 
,2056 
,2059 
,2060 
,2059 
,2072 
,2083 
,2078 
,2095 
,2097 
,2092 
,2082 
,2072 
,2083 
,2079 
,2063 
,2125 
,2126 
,2113 
,2113 
,2101 
,2105 
,2096 
,2093 
,2085 
,2072 
,2051 
,2033 
,2013 
,1997 
,1993 
,1989 
,1993 
,1977 
,1980 
,1974 
,1972 
,1981 
,1979 
,1962 
,1961 
,1947 
,1927 
,1923 
,1909 
,1918 
,1932 
,1933 
,1948 
,1942 
,1916 
,1910 
,1917 
,1914 
,1891 
,1897 
,1905 
,1928 
,1922 
,1937 
,1981 
,1978 
,1992 
,1995 
,1979 
,1972 
,1964 
,1963 
,1964 
,2021 
,2011 
,2026 
,2065 
,2108 
,2106 
,2101 
,2087 
,2074 
,2080 
,2115 
,2109 
,2097 
,2092 
,2083 
,2083 
,2076 
,2070 
,2068 
,2061 
,2050 
,2039 
,2041 
,2039 
,2033 
,2032 
,2024 
,2017 
,2025 
,2012 
,1998 
,2000 
,1998 
,2004 
,2004 
,1994 
,1998 
,1987 
,1984 
,1974 
,1961 
,1948 
,1933 
,1910 
,1919 
,1908 
,1917 
,1941 
,1951 
,1953 
,1952 
,1953 
,1940 
,1921 
,1913 
,1913 
,1927 
,1947 
,1942 
,1949 
,1939 
,1913 
,1930 
,1939 
,1940 
,1926 
,1930 
,1916 
,1907 
,1895 
,1908 
,1901 
,1891 
,1881 
,1861 
,1837 
,1831 
,1778 
,1759 
,1736 
,1726 
,1727 
,1741 
,1762 
,1802 
,1839 
,1853 
,1836 
,1841 
,1843 
,1842 
,1849 
,1858 
,1848 
,1832 
,1814 
,1830 
,1840 
,1832 
,1824 
,1828 
,1832 
,1823 
,1809 
,1777 
,1795 
,1817 
,1811 
,1811 
,1804 
,1800 
,1776 
,1770 
,1747 
,1727 
,1713 
,1699 
,1662 
,1671 
,1695 
,1700 
,1729 
,1743 
,1741 
,1726 
,1695 
,1763 
,1751 
,1722 
,1721 
,1733 
,1705 
,1650 
,1634 
,1631 
,1688 
,1697 
,1668 
,1771 
,1696 
,1746 
,1674 
,1536 
,1507 
,1482 
,1490 
,1477 
,1476 
,1467 
,1444 
,1444 
,1433 
,1433 
,1444 
,1489 
,1548 
,1547 
,1523 
,1464 
,1434 
,1408 
,1367 
,1358 
,1368 
,1359 
,1376 
,1387 
,1397 
,1417 
,1438 
,1452 
,1462 
,1422 
,1430 
,1429 
,1425 
,1431 
,1438 
,1437 
,1441 
,1448 
,1448 
,1440 
,1445 
,1449 
,1452 
,1468 
,1472 
,1469 
,1490 
,1498 
,1463 
,1470 
,1454 
,1453 
,1459 
,1464 
,1480 
,1477 
,1479 
,1474 
,1492 
,1500 
,1507 
,1520 
,1542 
,1537 
,1496 
,1499 
,1513 
,1488 
,1491 
,1493 
,1549 
,1551 
,1535 
,1544 
,1538 
,1538 
,1568 
,1595 
,1609 
,1606 
,1629 
,1631 
,1623 
,1632 
,1630 
,1652 
,1662 
,1665 
,1679 
,1682 
,1672 
,1696 
,1675 
,1582 
,1575 
,1578 
,1614 
,1614 
,1629 
,1630 
,1637 
,1644 
,1638 
,1651 
,1655 
,1645 
,1651 
,1646 
,1582 
,1596 
,1570 
,1591 
,1595 
,1608 
,1623 
,1652 
,1657 
,1659 
,1649 
,1627 
,1622 
,1605 
,1616 
,1610 
,1607 
,1607 
,1597 
,1607 
,1627 
,1575 
,1510 
,1548 
,1568 
,1560 
,1547 
,1590 
,1595 
,1591 
,1569 
,1580 
,1630 
,1621 
,1679 
,1756 
,1742 
,1693 
,1705 
,1655 
,1607 
,1564 
,1547 
,1516 
,1501 
,1460 
,1477 
,1428 
,1377 
,1382 
,1350 
,1342 
,1327 
,1288 
,1287 
,1330 
,1312 
,1303 
,1295 
,1283 
,1236 
,1245 
,1215 
,1170 
,1148 
,1109 
,1076 
,1072 
,1088 
,1101 
,1105 
,1095 
,1107 
,1131 
,1129 
,1117 
,1122 
,1122 
,1116 
,1112 
,1109 
,1140 
,1145 
,1141 
,1174 
,1172 
,1166 
,1175 
,1186 
,1184 
,1193 
,1206 
,1210 
,1205 
,1202 
,1200 
,1195 
,1184 
,1169 
,1160 
,1174 
,1170 
,1162 
,1168 
,1177 
,1174 
,1180 
,1173 
,1161 
,1173 
,1167 
,1170 
,1159 
,1154 
,1136 
,1146 
,1142 
,1138 
,1134 
,1129 
,1103 
,1098 
,1090 
,1082 
,1101 
,1115 
,1127 
,1126 
,1132 
,1140 
,1151 
,1147 
,1146 
,1162 
,1168 
,1159 
,1163 
,1160 
,1153 
,1151 
,1153 
,1160 
,1172 
,1174 
,1169 
,1140 
,1137 
,1124 
,1145 
,1153 
,1152 
,1158 
,1179 
,1179 
,1172 
,1188 
,1186 
,1163 
,1168 
,1180 
,1196 
,1195 
,1215 
,1214 
,1225 
,1226 
,1223 
,1238 
,1235 
,1239 
,1237 
,1252 
,1247 
,1259 
,1263 
,1284 
,1283 
,1278 
,1279 
,1284 
,1293 
,1300 
,1294 
,1286 
,1295 
,1288 
,1289 
,1283 
,1267 
,1253 
,1241 
,1237 
,1224 
,1226 
,1230 
,1226 
,1218 
,1216 
,1231 
,1216 
,1244 
,1251 
,1257 
,1264 
,1255 
,1248 
,1257 
,1247 
,1241 
,1229 
,1219 
,1238 
,1247 
,1243 
,1239 
,1240 
,1222 
,1232 
,1234 
,1230 
,1222 
,1233 
,1264 
,1252 
,1245 
,1240 
,1225 
,1220 
,1191 
,1185 
,1178 
,1169 
,1151 
,1149 
,1163 
,1150 
,1147 
,1155 
,1182 
,1179 
,1191 
,1179 
,1150 
,1126 
,1094 
,1153 
,1202 
,1206 
,1208 
,1242 
,1262 
,1292 
,1313 
,1307 
,1300 
,1315 
,1319 
,1318 
,1321 
,1324 
,1329 
,1330 
,1316 
,1312 
,1319 
,1311 
,1331 
,1338 
,1342 
,1361 
,1363 
,1361 
,1344 
,1339 
,1324 
,1340 
,1342 
,1332 
,1367 
,1364 
,1387 
,1389 
,1404 
,1402 
,1399 
,1402 
,1393 
,1372 
,1357 
,1363 
,1387 
,1383 
,1371 
,1378 
,1400 
,1415 
,1414 
,1423 
,1421 
,1420 
,1421 
,1411 
,1406 
,1400 
,1394 
,1390 
,1380 
,1368 
,1365 
,1373 
,1376 
,1379 
,1376 
,1369 
,1360 
,1368 
,1358 
,1353 
,1356 
,1356 
,1356 
,1343 
,1342 
,1333 
,1319 
,1332 
,1340 
,1333 
,1308 
,1303 
,1312 
,1326 
,1325 
,1321 
,1326 
,1312 
,1329 
,1323 
,1310 
,1306 
,1286 
,1285 
,1255 
,1252 
,1249 
,1224 
,1194 
,1210 
,1194 
,1187 
,1192 
,1196 
,1205 
,1203 
,1189 
,1185 
,1188 
,1211 
,1206 
,1209 
,1209 
,1219 
,1214 
,1202 
,1206 
,1214 
,1207 
,1209 
,1216 
,1218 
,1238 
,1235 
,1240 
,1241 
,1248 
,1252 
,1254 
,1251 
,1249 
,1263 
,1224 
,1207 
,1210 
,1216 
,1217 
,1221 
,1218 
,1203 
,1212 
,1247 
,1245 
,1250 
,1244 
,1234 
,1221 
,1195 
,1194 
,1199 
,1194 
,1181 
,1174 
,1177 
,1169 
,1162 
,1159 
,1170 
,1175 
,1168 
,1166 
,1160 
,1159 
,1148 
,1143 
,1144 
,1137 
,1130 
,1140 
,1139 
,1140 
,1142 
,1144 
,1131 
,1151 
,1169 
,1190 
,1192 
,1193 
,1213 
,1209 
,1185 
,1194 
,1188 
,1203 
,1196 
,1203 
,1195 
,1190 
,1185 
,1182 
,1208 
,1189 
,1242 
,1236 
,1180 
,1186 
,1203 
,1192 
,1191 
,1180 
,1151 
,1130 
,1118 
,1138 
,1132 
,1139 
,1141 
,1103 
,1105 
,1100 
,1106 
,1119 
,1130 
,1110 
,1105 
,1185 
,1185 
,1182 
,1191 
,1194 
,1212 
,1248 
,1264 
,1256 
,1258 
,1258 
,1253 
,1253 
,1243 
,1233 
,1230 
,1223 
,1216 
,1199 
,1194 
,1184 
,1174 
,1165 
,1145 
,1143 
,1140 
,1175 
,1168 
,1154 
,1183 
,1207 
,1217 
,1199 
,1197 
,1207 
,1202 
,1194 
,1192 
,1179 
,1161 
,1168 
,1178 
,1200 
,1224 
,1208 
,1218 
,1210 
,1204 
,1205 
,1201 
,1186 
,1155 
,1138 
,1123 
,1115 
,1163 
,1163 
,1195 
,1262 
,1292 
,1295 
,1311 
,1304 
,1323 
,1292 
,1251 
,1255 
,1264 
,1270 
,1244 
,1230 
,1244 
,1285 
,1283 
,1315 
,1370 
,1364 
,1345 
,1336 
,1285 
,1283 
,1289 
,1282 
,1275 
,1264 
,1301 
,1390 
,1386 
,1351 
,1394 
,1425 
,1448 
,1501 
,1510 
,1469 
,1504 
,1500 
,1484 
,1449 
,1396 
,1377 
,1382 
,1386 
,1387 
,1380 
,1369 
,1365 
,1339 
,1331 
,1338 
,1326 
,1326 
,1284 
,1300 
,1287 
,1278 
,1277 
,1270 
,1246 
,1250 
,1246 
,1235 
,1219 
,1228 
,1215 
,1202 
,1197 
,1167 
,1168 
,1170 
,1177 
,1160 
,1126 
,1132 
,1126 
,1110 
,1101 
,1087 
,1079 
,1072 
,1070 
,1063 
,1040 
,1038 
,1032 
,1028 
,1033 
,1017 
,972 
,963 
,999 
,985 
,968 
,963 
,964 
,958 
,960 
,954 
,948 
,943 
,939 
,933 
,921 
,922 
,919 
,930 
,931 
,919 
,914 
,903 
,903 
,892 
,922 
,920 
,936 
,939 
,927 
,924 
,897 
,911 
,912 
,899 
,983 
,976 
,943 
,1005 
,1175 
,1254 
,1259 
,1244 
,1251 
,1220 
,1215 
,1171 
,1178 
,1135 
,1037 
,1003 
,987 
,985 
,977 
,952 
,1026 
,1019 
,1047 
,1005 
,959 
,958 
,951 
,949 
,934 
,927 
,932 
,928 
,950 
,948 
,962 
,983 
,1022 
,1039 
,1027 
,1017 
,1021 
,1011 
,979 
,964 
,968 
,952 
,953 
,945 
,944 
,912 
,904 
,884 
,882 
,870 
,870 
,892 
,876 
,857 
,859 
,865 
,852 
,806 
,769 
,783 
,785 
,784 
,779 
,784 
,774 
,793 
,800 
,818 
,839 
,813 
,819 
,814 
,810 
,798 
,806 
,787 
,801 
,825 
,842 
,843 
,838 
,852 
,863 
,879 
,879 
,887 
,895 
,880 
,878 
,873 
,862 
,853 
,851 
,843 
,842 
,866 
,856 
,872 
,894 
,895 
,889 
,887 
,857 
,820 
,841 
,824 
,796 
,796 
,822 
,825 
,823 
,808 
,797 
,795 
,786 
,766 
,801 
,812 
,820 
,802 
,789 
,799 
,806 
,803 
,814 
,794 
,780 
,790 
,769 
,774 
,765 
,765 
,739 
,716 
,697 
,657 
,653 
,653 
,651 
,652 
,647 
,642 
,645 
,670 
,673 
,707 
,725 
,712 
,698 
,682 
,672 
,673 
,661 
,670 
,667 
,683 
,673 
,660 
,722 
,739 
,739 
,715 
,686 
,665 
,624 
,628 
,618 
,600 
,598 
,591 
,588 
,594 
,583 
,582 
,581 
,588 
,584 
,564 
,562 
,565 
,574 
,557 
,562 
,563 
,571 
,573 
,571 
,574 
,570 
,571 
,568 
,564 
,565 
,566 
,566 
,575 
,575 
,569 
,583 
,607 
,602 
,554 
,538 
,534 
,531 
,524 
,525 
,525 
,525 
,523 
,537 
,536 
,537 
,538 
,533 
,530 
,527 
,539 
,524 
,522 
,521 
,524 
,533 
,549 
,555 
,552 
,550 
,553 
,552 
,560 
,540 
,561 
,559 
,543 
,550 
,562 
,569 
,574 
,580 
,591 
,600 
,607 
,601 
,596 
,601 
,613 
,618 
,631 
,634 
,639 
,643 
,632 
,637 
,639 
,636 
,639 
,653 
,652 
,653 
,658 
,662 
,665 
,679 
,679 
,677 
,682 
,691 
,692 
,691 
,706 
,712 
,715 
,725 
,737 
,736 
,728 
,728 
,728 
,726 
,725 
,735 
,760 
,765 
,727 
,730 
,726 
,721 
,717 
,706 
,706 
,712 
,715 
,711 
,720 
,718 
,730 
,725 
,725 
,722 
,711 
,728 
,729 
,730 
,734 
,732 
,732 
,762 
,758 
,758 
,766 
,767 
,793 
,775 
,758 
,766 
,754 
,752 
,738 
,729 
,724 
,726 
,742 
,729 
,735 
,735 
,744 
,743 
,755 
,773 
,783 
,768 
,774 
,788 
,750 
,741 
,718 
,729 
,719 
,713 
,707 
,734 
,718 
,702 
,703 
,698 
,713 
,712 
,716 
,699 
,697 
,724 
,715 
,701 
,663 
,656 
,653 
,670 
,669 
,667 
,651 
,637 
,621 
,623 
,642 
,651 
,649 
,660 
,655 
,651 
,654 
,652 
,647 
,642 
,655 
,685 
,702 
,703 
,702 
,709 
,722 
,717 
,691 
,718 
,722 
,709 
,706 
,726 
,724 
,781 
,748 
,770 
,834 
,926 
,856 
,771 
,583 
,584 
,583 
,594 
,572 
,581 
,580 
,575 
,577 
,580 
,586 
,580 
,582 
,599 
,623 
,622 
,630 
,649 
,645 
,632 
,634 
,643 
,641 
,651 
,649 
,665 
,681 
,678 
,659 
,665 
,661 
,661 
,648 
,645 
,637 
,632 
,632 
,614 
,620 
,614 
,593 
,605 
,594 
,580 
,591 
,600 
,597 
,601 
,624 
,639 
,635 
,617 
,580 
,565 
,559 
,558 
,591 
,595 
,609 
,595 
,541 
,541 
,538 
,543 
,549 
,553 
,550 
,559 
,553 
,538 
,537 
,560 
,565 
,555 
,559 
,559 
,565 
,579 
,593 
,594 
,595 
,591 
,601 
,615 
,615 
,618 
,638 
,644 
,657 
,656 
,648 
,651 
,658 
,663 
,681 
,689 
,695 
,676 
,692 
,675 
,685 
,694 
,671 
,633 
,640 
,636 
,648 
,655 
,659 
,659 
,675 
,685 
,685 
,690 
,688 
,684 
,701 
,684 
,692 
,705 
,704 
,699 
,710 
,712 
,724 
,740 
,731 
,743 
,725 
,736 
,678 
,718 
,723 
,672 
,676 
,665 
,703 
,704 
,731 
,795 
,786 
,747 
,719 
,654 
,630 
,633 
,667 
,707 
,726 
,722 
,727 
,760 
,736 
,776 
,836 
,922 
,913 
,887 
,884 
,913 
,974 
,969 
,933 
,970 
,992 
,991 
,1041 
,1053 
,1023 
,998 
,999 
,1016 
,1008 
,941 
,830 
,813 
,787 
,763 
,718 
,729 
,724 
,727 
,715 
,698 
,760 
,772 
,725 
,714 
,691 
,731 
,768 
,740 
,705 
,755 
,683 
,593 
,523 
,495 
,449 
,339 
,368 
,392 
,389 
,375 
,378 
,391 
,403 
,403 
,407 
,431 
,441 
,438 
,431 
,437 
,438 
,431 
,445 
,444 
,447 
,469 
,471 
,475 
,473 
,484 
,501 
,508 
,509 
,501 
,531 
,528 
,506 
,499 
,498 
,506 
,522 
,537 
,536 
,541 
,550 
,555 
,548 
,557 
,556 
,566 
,575 
,587 
,593 
,591 
,597 
,598 
,591 
,592 
,595 
,597 
,590 
,594 
,607 
,595 
,588 
,593 
,610 
,621 
,606 
,611 
,616 
,599 
,580 
,572 
,599 
,588 
,563 
,601 
,620 
,631 
,655 
,675 
,666 
,670 
,681 
,685 
,683 
,699 
,700 
,705 
,714 
,714 
,711 
,709 
,737 
,735 
,740 
,739 
,758 
,781 
,808 
,794 
,801 
,788 
,718 
,741 
,722 
,729 
,719 
,736 
,746 
,760 
,776 
,795 
,788 
,761 
,770 
,773 
,770 
,772 
,774 
,779 
,777 
,819 
,798 
,793 
,772 
,770 
,782 
,818 
,820 
,828 
,842 
,839 
,816 
,804 
,835 
,859 
,869 
,901 
,899 
,900 
,907 
,900 
,884 
,869 
,847 
,837 
,841 
,835 
,835 
,840 
,855 
,844 
,845 
,839 
,853 
,840 
,836 
,913 
,948 
,941 
,954 
,982 
,994 
,1017 
,1045 
,1022 
,1004 
,982 
,981 
,994 
,990 
,975 
,1012 
,993 
,964 
,971 
,954 
,925 
,903 
,895 
,891 
,893 
,869 
,851 
,857 
,846 
,837 
,816 
,807 
,815 
,824 
,823 
,835 
,829 
,789 
,792 
,797 
,845 
,846 
,847 
,846 
,853 
,863 
,859 
,879 
,876 
,880 
,899 
,934 
,891 
,896 
,901 
,897 
,910 
,898 
,884 
,915 
,889 
,892 
,897 
,878 
,883 
,886 
,903 
,880 
,896 
,909 
,915 
,918 
,947 
,948 
,926 
,901 
,900 
,910 
,911 
,904 
,914 
,921 
,902 
,937 
,977 
,980 
,988 
,1042 
,1024 
,947 
,918 
,883 
,912 
,887 
,861 
,864 
,856 
,853 
,913 
,901 
,811 
,818 
,799 
,810 
,819 
,816 
,820 
,838 
,849 
,850 
,847 
,870 
,870 
,856 
,896 
,909 
,910 
,938 
,981 
,1003 
,1010 
,1043 
,1037 
,1011 
,1041 
,994 
,991 
,987 
,1004 
,1007 
,1016 
,1014 
,1003 
,1046 
,1053 
,1070 
,1081 
,1102 
,1069 
,1031 
,1178 
,1081 
,936 
,980 
,981 
,1002 
,1009 
,1020 
,1144 
,1179 
,1175 
,1147 
,1148 
,1162 
,1201 
,1177 
,1161 
,1138 
,1222 
,1211 
,1250 
,1273 
,1366 
,1381 
,1363 
,1393 
,1383 
,1391 
,1346 
,1296 
,1267 
,1243 
,1257 
,1242 
,1287 
,1298 
,1341 
,1298 
,1276 
,1341 
,1237 
,1159 
,1065 
,948 
,968 
,950 
,958 
,992 
,1048 
,1040 
,966 
,997 
,1036 
,1179 
,1208 
,1207 
,1239 
,1223 
,1241 
,1286 
,1262 
,1190 
,1210 
,1325 
,1181 
,1245 
,1268 
,1285 
,1339 
,1444 
,1421 
,1346 
,1466 
,1527 
,1514 
,1539 
,1534 
,1559 
,1537 
,1459 
,1497 
,1529 
,1484 
,1393 
,1405 
,1372 
,1326 
,1325 
,1279 
,1198 
,1186 
,1162 
,1110 
,1078 
,1050 
,1064 
,1078 
,1100 
,1089 
,1024 
,1028 
,977 
,894 
,869 
,883 
,859 
,817 
,784 
,777 
,770 
,772 
,781 
,759 
,736 
,732 
,732 
,721 
,708 
,690 
,714 
,748 
,736 
,693 
,753 
,812 
,803 
,841 
,826 
,722 
,750 
,727 
,682 
,752 
,572 
,448 
,411 
,401 
,412 
,408 
,399 
,416 
,422 
,416 
,410 
,428 
,459 
,469 
,471 
,482 
,487 
,509 
,507 
,485 
,471 
,506 
,562 
,578 
,585 
,616 
,664 
,667 
,669 
,667 
,674 
,701 
,714 
,669 
,672 
,677 
,693 
,702 
,711 
,728 
,730 
,736 
,735 
,726 
,737 
,760 
,762 
,780 
,777 
,751 
,793 
,789 
,695 
,644 
,703 
,788 
,776 
,781 
,827 
,833 
,848 
,867 
,880 
,877 
,887 
,921 
,938 
,947 
,951 
,1000 
,941 
,901 
,890 
,843 
,962 
,1007 
,1006 
,1011 
,1038 
,1036 
,1060 
,1052 
,1087 
,1108 
,1149 
,1179 
,1179 
,1034 
,1082 
,1096 
,1127 
,1134 
,1215 
,1136 
,1140 
,1199 
,1193 
,1187 
,1211 
,1207 
,1215 
,1193 
,1199 
,1215 
,1193 
,1173 
,1208 
,1160 
,1158 
,1172 
,1180 
,1172 
,1173 
,1187 
,1136 
,1182 
,1178 
,1189 
,1207 
,1144 
,1121 
,1143 
,1119 
,1141 
,1184 
,1250 
,1253 
,1184 
,1286 
,1429 
,1429 
,1350 
,1335 
,624 
,598 
,572 
,545 
,524 
,518 
,507 
,490 
,468 
,457 
,454 
,455 
,456 
,449 
,446 
,436 
,425 
,415 
,409 
,410 
,422 
,421 
,414 
,411 
,407 
,401 
,392 
,382 
,383 
,383 
,382 
,382 
,382 
,382 
,382 
,382 
,382 
,381 
,379 
,379 
,380 
,379 
,378 
,378 
,378 
,378 
,377 
,377 
,378 
,376 
,375 
,374 
,372 
,370 
,368 
,367 
,365 
,365 
,363 
,361 
,361 
,362 
,360 
,348 
,342 
,339 
,320 
,320 
,318 
,316 
,316 
,316 
,315 
,314 
,313 
,313 
,313 
,312 
,312 
,309 
,309 
,308 
,308 
,307 
,307 
,307 
,307 
,306 
,303 
,302 
,301 
,300 
,299 
,298 
,297 
,294 
,293 
,292 
,291 
,288 
,287 
,286 
,286 
,283 
,280 
,280 
,279 
,278 
,277 
,274 
,274 
,273 
,270 
,269 
,267 
,266 
,265 
,262 
,260 
,257 
,255 
,253 
,251 
,249 
,246 
,245 
,242 
,241 
,238 
,237 
,237 
,236 
,234 
,231 
,229 
,227 
,225 
,223 
,221 
,219 
,216 
,216 
,214 
,212 
,210 
,208 
,207 
,205 
,203 
,201 
,199 
,197 
,195 
,193 
,191 
,189 
,188 
,186 
,184 
,182 
,182 
,184 
,183 
,184 
,185 
,186 
,187 
,189 
,189 
,191 
,190 
,188 
,187 
,187 
,191 
,189 
,187 
,186 
,184 
,182 
,180 
,178 
,177 
,175 
,173 
,172 
,170 
,168 
,166 
,165 
,163 
,162 
,160 
,159 
,157 
,156 
,154 
,153 
,151 
,150 
,148 
,147 
,145 
,144 
,142 
,142 
,141 
,141 
,141 
,139 
,138 
,139 
,137 
,136 
,134 
,134 
,133 
,134 
,136 
,137 
,135 
,138 
,137 
,136 
,136 
,139 
,138 
,136 
,135 
,133 
,132 
,131 
,130 
,128 
,127 
,126 
,126 
,125 
,124 
,123 
,122 
,120 
,119 
,118 
,117 
,116 
,115 
,114 
,113 
,112